{
    "author": "Josh.5, SenorSmartyPants",
    "compatibility": [
        1,
        2
    ],
    "description": "Specify a list of audio/subtitle languages to remove from video files.",
    "icon": "https://raw.githubusercontent.com/Unmanic/plugin.remove_stream_by_language/master/icon.png",
    "id": "remove_stream_by_language",
    "name": "Remove audio/subtitle streams by language",
    "platform": [
        "all"
    ],
    "priorities": {
        "on_library_management_file_test": 99,
        "on_worker_process": 1
    },
    "tags": "audio,ffmpeg,library file test",
    "version": "0.0.5"
}